SOURCE_FILE,STATUS,RAW_COUNT,MART_COUNT,DIFFERENCE,MATCHES
yellow_tripdata_2025-01.parquet,amount_non_positive,130112,130112,0,True
yellow_tripdata_2025-01.parquet,distance_out_of_range,90327,90327,0,True
yellow_tripdata_2025-01.parquet,duration_non_positive,2051,2051,0,True
yellow_tripdata_2025-01.parquet,duration_too_long,1377,1377,0,True
yellow_tripdata_2025-01.parquet,pickup_outside_file_month,22,22,0,True
yellow_tripdata_2025-01.parquet,valid,3251337,3251337,0,True
yellow_tripdata_2025-02.parquet,amount_non_positive,166569,166569,0,True
yellow_tripdata_2025-02.parquet,distance_out_of_range,99232,99232,0,True
yellow_tripdata_2025-02.parquet,duration_non_positive,5164,5164,0,True
yellow_tripdata_2025-02.parquet,duration_too_long,1301,1301,0,True
yellow_tripdata_2025-02.parquet,pickup_outside_file_month,31,31,0,True
yellow_tripdata_2025-02.parquet,valid,3305246,3305246,0,True
yellow_tripdata_2025-03.parquet,amount_non_positive,192454,192454,0,True
yellow_tripdata_2025-03.parquet,distance_out_of_range,103121,103121,0,True
yellow_tripdata_2025-03.parquet,duration_non_positive,22280,22280,0,True
yellow_tripdata_2025-03.parquet,duration_too_long,1574,1574,0,True
yellow_tripdata_2025-03.parquet,pickup_outside_file_month,33,33,0,True
yellow_tripdata_2025-03.parquet,valid,3825795,3825795,0,True
