TRIP_SK,PICKUP_AT,DROPOFF_AT,VENDOR_KEY,TRIP_DISTANCE_MILES,FARE_AMOUNT,TIP_AMOUNT,TOLLS_AMOUNT,SURCHARGES_AMOUNT,TOTAL_AMOUNT,SOURCE_FILE
2ef0a12d92629dfc97d93396d25d704d,2025-02-21 17:28:43.000,2025-02-21 17:53:04.000,1,2.2,132531.36,0,0,24.05,132555.41,yellow_tripdata_2025-02.parquet
b051abe6ef81078c72934484bdddb3df,2025-03-19 17:42:21.000,2025-03-19 18:25:34.000,2,19.21,98.6,0,16.06,4.25,118.91,yellow_tripdata_2025-03.parquet
f6d920b4afea5fe3366b3d07871c9176,2025-03-13 17:30:29.000,2025-03-13 18:20:16.000,2,7.35,46.4,0,0,7.25,53.65,yellow_tripdata_2025-03.parquet
7bcf4844f8e440285420c7a8a6fd0829,2025-01-30 17:26:27.000,2025-01-30 17:53:23.000,2,5.86,30.3,0,0,7.25,37.55,yellow_tripdata_2025-01.parquet
48ee0d9718d3718211d32ca48b4425eb,2025-03-17 17:45:45.000,2025-03-17 18:20:28.000,1,5.7,29.6,0,0,7.25,36.85,yellow_tripdata_2025-03.parquet
a5ccdf332737b624966da7de2770409c,2025-02-11 17:23:16.000,2025-02-11 17:55:06.000,1,1.6,24,0,0,7.25,31.25,yellow_tripdata_2025-02.parquet
f0967cd3218ea8a4822b6cd2d3b9b682,2025-01-28 17:59:37.000,2025-01-28 18:31:33.000,1,3.2,24,0,0,7.25,31.25,yellow_tripdata_2025-01.parquet
868ebb3503897328de260f0ede930822,2025-02-19 17:00:21.000,2025-02-19 17:34:04.000,1,3.3,23.3,0,0,7.25,30.55,yellow_tripdata_2025-02.parquet
ea31591f3762fc9f0b0f247fd1911231,2025-03-26 17:01:57.000,2025-03-26 17:28:57.000,1,1.2,21.2,0,0,7.25,28.45,yellow_tripdata_2025-03.parquet
b459e5a9cc4e1c04671d52deaa0cca86,2025-01-21 17:19:19.000,2025-01-21 17:19:25.000,2,0.02,23,0,0,4.25,27.25,yellow_tripdata_2025-01.parquet
d970cfb79f946d2a4ab7a9a3fbc3aa3c,2025-01-23 17:30:33.000,2025-01-23 18:35:11.000,1,2.6,19.8,0,0,7.25,27.05,yellow_tripdata_2025-01.parquet
0df4c0ba60c1858b66ead8877d529e1a,2025-03-12 17:38:36.000,2025-03-12 18:02:44.000,1,2,19.1,0,0,7.25,26.35,yellow_tripdata_2025-03.parquet
2a0933d3a26f8e1dc6f241821abe783d,2025-02-11 17:36:47.000,2025-02-11 17:57:56.000,2,2.5,19.1,0,0,7.25,26.35,yellow_tripdata_2025-02.parquet
9e43b9af60ce4186ada95b422b1f5c7d,2025-03-10 17:32:50.000,2025-03-10 17:51:58.000,1,2.7,18.4,0,0,7.25,25.65,yellow_tripdata_2025-03.parquet
f19d6314a1357b6a0116896dd8d63b9a,2025-03-10 17:35:09.000,2025-03-10 17:56:11.000,2,1.99,18.4,0,0,7.25,25.65,yellow_tripdata_2025-03.parquet
d1eb48fa48ae50255ae9bd960f127233,2025-03-13 17:38:41.000,2025-03-13 17:57:14.000,2,1.82,17.7,0,0,7.25,24.95,yellow_tripdata_2025-03.parquet
c7d1a0aeb42fd0533ca48ae1f4b66761,2025-03-26 17:43:17.000,2025-03-26 18:04:48.000,1,1.2,17,0,0,7.25,24.25,yellow_tripdata_2025-03.parquet
1bec171ba866dff234418c671237f315,2025-03-03 17:20:28.000,2025-03-03 17:37:34.000,1,2.7,16.3,0,0,7.25,23.55,yellow_tripdata_2025-03.parquet
48f8c8beb8abe1807f201cc30c3ef263,2025-03-31 17:34:05.000,2025-03-31 17:51:08.000,2,2.06,16.3,0,0,7.25,23.55,yellow_tripdata_2025-03.parquet
92d98dedcd582c00939fe8591cb7a3d3,2025-01-06 17:56:59.000,2025-01-06 18:15:02.000,2,2.19,16.3,0,0,7.25,23.55,yellow_tripdata_2025-01.parquet
