created_on,privilege,granted_on,name,granted_to,grantee_name,grant_option,granted_by
2026-10-07 08:55:36.498 Z,USAGE,DATABASE,NYC_TAXI,ROLE,TRANSFORMER,false,SYSADMIN
2026-10-07 13:02:17.924 Z,OWNERSHIP,FILE_FORMAT,NYC_TAXI.RAW.CSV_FORMAT,ROLE,TRANSFORMER,true,TRANSFORMER
2026-10-07 12:36:28.463 Z,OWNERSHIP,FILE_FORMAT,NYC_TAXI.RAW.PARQUET_FORMAT,ROLE,TRANSFORMER,true,TRANSFORMER
2026-10-07 08:55:38.814 Z,CREATE TABLE,SCHEMA,NYC_TAXI.INTERMEDIATE,ROLE,TRANSFORMER,false,SYSADMIN
2026-10-07 08:55:38.826 Z,CREATE VIEW,SCHEMA,NYC_TAXI.INTERMEDIATE,ROLE,TRANSFORMER,false,SYSADMIN
2026-10-07 08:55:38.797 Z,USAGE,SCHEMA,NYC_TAXI.INTERMEDIATE,ROLE,TRANSFORMER,false,SYSADMIN
2026-10-07 08:55:39.683 Z,CREATE TABLE,SCHEMA,NYC_TAXI.MARTS,ROLE,TRANSFORMER,false,SYSADMIN
2026-10-07 08:55:39.668 Z,CREATE VIEW,SCHEMA,NYC_TAXI.MARTS,ROLE,TRANSFORMER,false,SYSADMIN
2026-10-07 08:55:39.696 Z,USAGE,SCHEMA,NYC_TAXI.MARTS,ROLE,TRANSFORMER,false,SYSADMIN
2026-10-07 08:55:37.369 Z,CREATE FILE FORMAT,SCHEMA,NYC_TAXI.RAW,ROLE,TRANSFORMER,false,SYSADMIN
2026-10-07 08:55:37.356 Z,CREATE STAGE,SCHEMA,NYC_TAXI.RAW,ROLE,TRANSFORMER,false,SYSADMIN
2026-10-07 08:55:37.344 Z,CREATE TABLE,SCHEMA,NYC_TAXI.RAW,ROLE,TRANSFORMER,false,SYSADMIN
2026-10-07 08:55:37.330 Z,USAGE,SCHEMA,NYC_TAXI.RAW,ROLE,TRANSFORMER,false,SYSADMIN
2026-10-07 08:55:38.082 Z,CREATE TABLE,SCHEMA,NYC_TAXI.STAGING,ROLE,TRANSFORMER,false,SYSADMIN
2026-10-07 08:55:38.094 Z,CREATE VIEW,SCHEMA,NYC_TAXI.STAGING,ROLE,TRANSFORMER,false,SYSADMIN
2026-10-07 08:55:38.066 Z,USAGE,SCHEMA,NYC_TAXI.STAGING,ROLE,TRANSFORMER,false,SYSADMIN
2026-10-07 12:36:29.258 Z,OWNERSHIP,STAGE,NYC_TAXI.RAW.TLC_STAGE,ROLE,TRANSFORMER,true,TRANSFORMER
2026-10-08 11:29:34.275 Z,OWNERSHIP,TABLE,NYC_TAXI.INTERMEDIATE.INT_TRIPS__ENRICHED,ROLE,TRANSFORMER,true,TRANSFORMER
2026-10-08 11:29:33.580 Z,OWNERSHIP,TABLE,NYC_TAXI.INTERMEDIATE.INT_TRIPS__FLAGGED,ROLE,TRANSFORMER,true,TRANSFORMER
2026-10-09 08:48:31.761 Z,OWNERSHIP,TABLE,NYC_TAXI.MARTS.DIM_DATE,ROLE,TRANSFORMER,true,TRANSFORMER
2026-10-09 08:48:31.749 Z,OWNERSHIP,TABLE,NYC_TAXI.MARTS.DIM_PAYMENT_TYPE,ROLE,TRANSFORMER,true,TRANSFORMER
2026-10-09 08:48:31.911 Z,OWNERSHIP,TABLE,NYC_TAXI.MARTS.DIM_RATE_CODE,ROLE,TRANSFORMER,true,TRANSFORMER
2026-10-09 08:48:31.936 Z,OWNERSHIP,TABLE,NYC_TAXI.MARTS.DIM_VENDOR,ROLE,TRANSFORMER,true,TRANSFORMER
2026-10-09 08:48:31.856 Z,OWNERSHIP,TABLE,NYC_TAXI.MARTS.DIM_ZONE,ROLE,TRANSFORMER,true,TRANSFORMER
2026-10-08 11:29:35.080 Z,OWNERSHIP,TABLE,NYC_TAXI.MARTS.FCT_TRIPS,ROLE,TRANSFORMER,true,TRANSFORMER
2026-10-09 08:48:39.800 Z,OWNERSHIP,TABLE,NYC_TAXI.MARTS.MART_DAILY_REVENUE,ROLE,TRANSFORMER,true,TRANSFORMER
2026-10-09 08:48:39.553 Z,OWNERSHIP,TABLE,NYC_TAXI.MARTS.MART_DATA_QUALITY,ROLE,TRANSFORMER,true,TRANSFORMER
2026-10-09 08:48:39.654 Z,OWNERSHIP,TABLE,NYC_TAXI.MARTS.MART_ZONE_HOURLY_DEMAND,ROLE,TRANSFORMER,true,TRANSFORMER
2026-10-07 13:04:31.123 Z,OWNERSHIP,TABLE,NYC_TAXI.RAW.TAXI_ZONE_LOOKUP,ROLE,TRANSFORMER,true,TRANSFORMER
2026-10-07 12:39:44.565 Z,OWNERSHIP,TABLE,NYC_TAXI.RAW.YELLOW_TRIPDATA,ROLE,TRANSFORMER,true,TRANSFORMER
2026-10-09 08:48:10.495 Z,OWNERSHIP,TABLE,NYC_TAXI.STAGING.PAYMENT_TYPE_CODES,ROLE,TRANSFORMER,true,TRANSFORMER
2026-10-09 08:48:11.185 Z,OWNERSHIP,TABLE,NYC_TAXI.STAGING.RATE_CODE_CODES,ROLE,TRANSFORMER,true,TRANSFORMER
2026-10-09 08:48:11.778 Z,OWNERSHIP,TABLE,NYC_TAXI.STAGING.VENDOR_CODES,ROLE,TRANSFORMER,true,TRANSFORMER
2026-10-09 08:48:10.539 Z,OWNERSHIP,VIEW,NYC_TAXI.STAGING.STG_TLC__TAXI_ZONES,ROLE,TRANSFORMER,true,TRANSFORMER
2026-10-09 08:48:10.492 Z,OWNERSHIP,VIEW,NYC_TAXI.STAGING.STG_TLC__YELLOW_TRIPS,ROLE,TRANSFORMER,true,TRANSFORMER
2026-10-07 08:55:35.738 Z,USAGE,WAREHOUSE,NYC_TAXI_WH,ROLE,TRANSFORMER,false,SYSADMIN
